{
    "version": "0.4",
    "title": "404",
    "type": "page",
    "metadata": {
        "template_type": "single-page",
        "include_in_zip": "1",
        "elementor_pro_required": null,
        "wp_page_template": "elementor_header_footer"
    },
    "content": [
        {
            "id": "7f0250e9",
            "settings": {
                "margin": {
                    "unit": "px",
                    "top": "0",
                    "right": 0,
                    "bottom": "-200",
                    "left": 0,
                    "isLinked": false
                },
                "padding": {
                    "unit": "px",
                    "top": "200",
                    "right": "0",
                    "bottom": "300",
                    "left": "0",
                    "isLinked": false
                },
                "background_background": "classic",
                "background_image": {
                    "url": "https:\/\/kitpro.site\/devour\/wp-content\/uploads\/sites\/104\/2022\/08\/03-copy.jpg",
                    "id": 66,
                    "alt": "",
                    "source": "library"
                },
                "background_size": "cover",
                "background_overlay_background": "classic",
                "margin_mobile": {
                    "unit": "px",
                    "top": "0",
                    "right": 0,
                    "bottom": "-250",
                    "left": 0,
                    "isLinked": false
                },
                "padding_tablet": {
                    "unit": "px",
                    "top": "200",
                    "right": "30",
                    "bottom": "250",
                    "left": "30",
                    "isLinked": false
                },
                "padding_mobile": {
                    "unit": "px",
                    "top": "200",
                    "right": "20",
                    "bottom": "300",
                    "left": "20",
                    "isLinked": false
                },
                "__globals__": {
                    "background_overlay_color": "globals\/colors?id=5263ad0"
                }
            },
            "elements": [
                {
                    "id": "16b8b343",
                    "settings": {
                        "_column_size": 100,
                        "_inline_size": null,
                        "margin": {
                            "unit": "px",
                            "top": "0",
                            "right": "0",
                            "bottom": "0",
                            "left": "0",
                            "isLinked": false
                        },
                        "padding": {
                            "unit": "px",
                            "top": "0",
                            "right": "0",
                            "bottom": "0",
                            "left": "0",
                            "isLinked": false
                        }
                    },
                    "elements": [
                        {
                            "id": "3f572562",
                            "settings": {
                                "title": "404",
                                "align": "center",
                                "__globals__": {
                                    "typography_typography": "globals\/typography?id=7d12cfd"
                                }
                            },
                            "elements": [],
                            "isInner": false,
                            "widgetType": "heading",
                            "elType": "widget"
                        },
                        {
                            "id": "6700ae21",
                            "settings": {
                                "title": "Page Not Found",
                                "align": "center"
                            },
                            "elements": [],
                            "isInner": false,
                            "widgetType": "heading",
                            "elType": "widget"
                        },
                        {
                            "id": "557ca0b3",
                            "settings": {
                                "align": "center",
                                "_padding": {
                                    "unit": "%",
                                    "top": "0",
                                    "right": "28",
                                    "bottom": "0",
                                    "left": "28",
                                    "isLinked": false
                                },
                                "_padding_tablet": {
                                    "unit": "%",
                                    "top": "0",
                                    "right": "18",
                                    "bottom": "0",
                                    "left": "18",
                                    "isLinked": false
                                },
                                "_padding_mobile": {
                                    "unit": "%",
                                    "top": "0",
                                    "right": "0",
                                    "bottom": "0",
                                    "left": "0",
                                    "isLinked": false
                                },
                                "__globals__": {
                                    "text_color": "globals\/colors?id=e64be90"
                                }
                            },
                            "elements": [],
                            "isInner": false,
                            "widgetType": "text-editor",
                            "elType": "widget"
                        },
                        {
                            "id": "a8bfdfd",
                            "settings": {
                                "text": "Go Back",
                                "align": "center",
                                "__globals__": {
                                    "background_color": "globals\/colors?id=5520548",
                                    "hover_color": "globals\/colors?id=5520548",
                                    "button_background_hover_color": "globals\/colors?id=e64be90"
                                }
                            },
                            "elements": [],
                            "isInner": false,
                            "widgetType": "button",
                            "elType": "widget"
                        }
                    ],
                    "isInner": false,
                    "elType": "column"
                }
            ],
            "isInner": false,
            "elType": "section"
        }
    ]
}