{
    "version": "0.4",
    "title": "Blog",
    "type": "page",
    "metadata": {
        "template_type": "single-page",
        "include_in_zip": "1",
        "elementor_pro_required": null,
        "wp_page_template": "elementor_header_footer"
    },
    "content": [
        {
            "id": "a17df12",
            "settings": {
                "background_background": "classic",
                "background_image": {
                    "url": "https:\/\/kitpro.site\/devour\/wp-content\/uploads\/sites\/104\/2022\/08\/03-copy.jpg",
                    "id": 66,
                    "alt": "",
                    "source": "library"
                },
                "shape_divider_bottom": "tilt",
                "shape_divider_bottom_flip": "yes",
                "margin": {
                    "unit": "px",
                    "top": "0",
                    "right": 0,
                    "bottom": "0",
                    "left": 0,
                    "isLinked": false
                },
                "padding": {
                    "unit": "px",
                    "top": "150",
                    "right": "0",
                    "bottom": "150",
                    "left": "0",
                    "isLinked": false
                },
                "__globals__": {
                    "shape_divider_bottom_color": "globals\/colors?id=7d460fa"
                },
                "padding_tablet": {
                    "unit": "px",
                    "top": "150",
                    "right": "30",
                    "bottom": "100",
                    "left": "30",
                    "isLinked": false
                },
                "padding_mobile": {
                    "unit": "px",
                    "top": "150",
                    "right": "20",
                    "bottom": "100",
                    "left": "20",
                    "isLinked": false
                }
            },
            "elements": [
                {
                    "id": "6a48b79f",
                    "settings": {
                        "_column_size": 100,
                        "_inline_size": null,
                        "margin": {
                            "unit": "px",
                            "top": "0",
                            "right": "0",
                            "bottom": "0",
                            "left": "0",
                            "isLinked": false
                        },
                        "padding": {
                            "unit": "px",
                            "top": "0",
                            "right": "0",
                            "bottom": "0",
                            "left": "0",
                            "isLinked": false
                        }
                    },
                    "elements": [
                        {
                            "id": "21a3559b",
                            "settings": {
                                "title": "Blog",
                                "header_size": "h1",
                                "align": "center"
                            },
                            "elements": [],
                            "isInner": false,
                            "widgetType": "heading",
                            "elType": "widget"
                        },
                        {
                            "id": "48ca6ed",
                            "settings": {
                                "align": "center",
                                "_padding": {
                                    "unit": "%",
                                    "top": "0",
                                    "right": "25",
                                    "bottom": "0",
                                    "left": "25",
                                    "isLinked": false
                                },
                                "_padding_tablet": {
                                    "unit": "%",
                                    "top": "0",
                                    "right": "16",
                                    "bottom": "0",
                                    "left": "16",
                                    "isLinked": false
                                },
                                "_padding_mobile": {
                                    "unit": "%",
                                    "top": "0",
                                    "right": "0",
                                    "bottom": "0",
                                    "left": "0",
                                    "isLinked": false
                                },
                                "__globals__": {
                                    "text_color": "globals\/colors?id=e64be90"
                                }
                            },
                            "elements": [],
                            "isInner": false,
                            "widgetType": "text-editor",
                            "elType": "widget"
                        }
                    ],
                    "isInner": false,
                    "elType": "column"
                }
            ],
            "isInner": false,
            "elType": "section"
        },
        {
            "id": "38a5c96d",
            "settings": {
                "padding": {
                    "unit": "px",
                    "top": "75",
                    "right": "0",
                    "bottom": "50",
                    "left": "0",
                    "isLinked": false
                },
                "overflow": "hidden",
                "padding_tablet": {
                    "unit": "px",
                    "top": "50",
                    "right": "30",
                    "bottom": "50",
                    "left": "30",
                    "isLinked": false
                },
                "padding_mobile": {
                    "unit": "px",
                    "top": "50",
                    "right": "20",
                    "bottom": "30",
                    "left": "20",
                    "isLinked": false
                }
            },
            "elements": [
                {
                    "id": "5209640f",
                    "settings": {
                        "_column_size": 100,
                        "_inline_size": null,
                        "margin": {
                            "unit": "px",
                            "top": "0",
                            "right": "0",
                            "bottom": "0",
                            "left": "0",
                            "isLinked": false
                        },
                        "padding": {
                            "unit": "px",
                            "top": "0",
                            "right": "0",
                            "bottom": "0",
                            "left": "0",
                            "isLinked": false
                        }
                    },
                    "elements": [
                        {
                            "id": "2a3316c0",
                            "settings": {
                                "title": "Latest News",
                                "align": "center",
                                "_padding_tablet": {
                                    "unit": "px",
                                    "top": "0",
                                    "right": "0",
                                    "bottom": "30",
                                    "left": "0",
                                    "isLinked": false
                                }
                            },
                            "elements": [],
                            "isInner": false,
                            "widgetType": "heading",
                            "elType": "widget"
                        },
                        {
                            "id": "53f6b585",
                            "settings": {
                                "align": "center",
                                "_padding": {
                                    "unit": "%",
                                    "top": "0",
                                    "right": "25",
                                    "bottom": "0",
                                    "left": "25",
                                    "isLinked": false
                                },
                                "_padding_tablet": {
                                    "unit": "%",
                                    "top": "0",
                                    "right": "16",
                                    "bottom": "0",
                                    "left": "16",
                                    "isLinked": false
                                },
                                "_padding_mobile": {
                                    "unit": "%",
                                    "top": "0",
                                    "right": "0",
                                    "bottom": "0",
                                    "left": "0",
                                    "isLinked": false
                                },
                                "__globals__": {
                                    "text_color": "globals\/colors?id=e64be90"
                                },
                                "editor": "<p>Morbi purus nisl, euismod vitae placerat vel, eleifend ac magna.<\/p>"
                            },
                            "elements": [],
                            "isInner": false,
                            "widgetType": "text-editor",
                            "elType": "widget"
                        },
                        {
                            "id": "43c9b225",
                            "settings": {
                                "image": {
                                    "url": "https:\/\/kitpro.site\/devour\/wp-content\/uploads\/sites\/104\/2022\/08\/trans-pink.png",
                                    "id": 46,
                                    "alt": "",
                                    "source": "library"
                                },
                                "opacity": {
                                    "unit": "px",
                                    "size": 0.4,
                                    "sizes": []
                                },
                                "_element_width": "initial",
                                "_element_custom_width": {
                                    "unit": "px",
                                    "size": 740.8
                                },
                                "_position": "absolute",
                                "_offset_x": {
                                    "size": 519,
                                    "unit": "px"
                                },
                                "_offset_y": {
                                    "size": -29,
                                    "unit": "px"
                                },
                                "_z_index": 1
                            },
                            "elements": [],
                            "isInner": false,
                            "widgetType": "image",
                            "elType": "widget"
                        },
                        {
                            "id": "2765574f",
                            "settings": {
                                "image": {
                                    "url": "https:\/\/kitpro.site\/devour\/wp-content\/uploads\/sites\/104\/2022\/08\/trans-blue.png",
                                    "id": 45,
                                    "alt": "",
                                    "source": "library"
                                },
                                "_element_width": "initial",
                                "_element_custom_width": {
                                    "unit": "px",
                                    "size": 740.8
                                },
                                "_position": "absolute",
                                "_offset_x": {
                                    "size": -210,
                                    "unit": "px"
                                },
                                "_offset_y": {
                                    "size": -109,
                                    "unit": "px"
                                },
                                "opacity": {
                                    "unit": "px",
                                    "size": 0.73,
                                    "sizes": []
                                },
                                "_z_index": 1
                            },
                            "elements": [],
                            "isInner": false,
                            "widgetType": "image",
                            "elType": "widget"
                        },
                        {
                            "id": "d39515a",
                            "settings": {
                                "ekit_blog_posts_layout_style": "elementskit-post-image-card",
                                "ekit_blog_posts_cats": [
                                    "1"
                                ],
                                "ekit_blog_posts_btn_text": "Learn more ",
                                "ekit_blog_posts_background_background": "gradient",
                                "ekit_blog_posts_radius": {
                                    "unit": "px",
                                    "top": "12",
                                    "right": "12",
                                    "bottom": "12",
                                    "left": "12",
                                    "isLinked": false
                                },
                                "ekit_blog_posts_padding": {
                                    "unit": "px",
                                    "top": "0",
                                    "right": "0",
                                    "bottom": "12",
                                    "left": "0",
                                    "isLinked": false
                                },
                                "ekit_blog_posts_margin": {
                                    "unit": "px",
                                    "top": "50",
                                    "right": "0",
                                    "bottom": "0",
                                    "left": "0",
                                    "isLinked": false
                                },
                                "ekit_blog_posts_text_content_wraper_padding": {
                                    "unit": "px",
                                    "top": "0",
                                    "right": "0",
                                    "bottom": "40",
                                    "left": "0",
                                    "isLinked": false
                                },
                                "ekit_blog_posts_content_border_dimensions": {
                                    "unit": "px",
                                    "top": "0",
                                    "right": "0",
                                    "bottom": "0",
                                    "left": "0",
                                    "isLinked": false
                                },
                                "ekit_blog_posts_feature_img_radius": {
                                    "unit": "px",
                                    "top": "12",
                                    "right": "12",
                                    "bottom": "0",
                                    "left": "0",
                                    "isLinked": false
                                },
                                "ekit_blog_posts_feature_img_margin": {
                                    "unit": "px",
                                    "top": "0",
                                    "right": "0",
                                    "bottom": "0",
                                    "left": "0",
                                    "isLinked": false
                                },
                                "ekit_blog_posts_feature_img_padding": {
                                    "unit": "px",
                                    "top": "0",
                                    "right": "0",
                                    "bottom": "0",
                                    "left": "0",
                                    "isLinked": false
                                },
                                "ekit_blog_posts_title_margin": {
                                    "unit": "px",
                                    "top": "20",
                                    "right": "30",
                                    "bottom": "30",
                                    "left": "30",
                                    "isLinked": false
                                },
                                "ekit_blog_posts_content_margin": {
                                    "unit": "px",
                                    "top": "0",
                                    "right": "30",
                                    "bottom": "0",
                                    "left": "30",
                                    "isLinked": false
                                },
                                "ekit_blog_posts_btn_text_padding": {
                                    "unit": "px",
                                    "top": "20",
                                    "right": "30",
                                    "bottom": "0",
                                    "left": "30",
                                    "isLinked": false
                                },
                                "ekit_blog_posts_btn_bg_color_background": "classic",
                                "__globals__": {
                                    "ekit_blog_posts_content_background": "globals\/colors?id=eb507f3",
                                    "ekit_blog_posts_background_color": "globals\/colors?id=67641c1",
                                    "ekit_blog_posts_title_typography_typography": "globals\/typography?id=a2fc1b9",
                                    "ekit_blog_posts_btn_bg_color_color": "globals\/colors?id=eb507f3",
                                    "ekit_blog_posts_btn_typography_typography": "globals\/typography?id=accent",
                                    "ekit_blog_posts_btn_text_color": "globals\/colors?id=430fcf1",
                                    "ekit_blog_posts_btn_hover_color": "globals\/colors?id=683e01e",
                                    "ekit_blog_posts_meta_background_normal_color": "globals\/colors?id=eb507f3",
                                    "ekit_blog_posts_background_color_b": "globals\/colors?id=a619ba9"
                                },
                                "ekit_blog_posts_background_color_stop": {
                                    "unit": "%",
                                    "size": 30,
                                    "sizes": []
                                },
                                "ekit_blog_posts_meta_background_normal_background": "classic",
                                "ekit_blog_posts_btn_border_radius": {
                                    "unit": "px",
                                    "top": "0",
                                    "right": "0",
                                    "bottom": "12",
                                    "left": "12",
                                    "isLinked": false
                                },
                                "_z_index": 2,
                                "ekit_blog_posts_num": 6
                            },
                            "elements": [],
                            "isInner": false,
                            "widgetType": "elementskit-blog-posts",
                            "elType": "widget"
                        }
                    ],
                    "isInner": false,
                    "elType": "column"
                }
            ],
            "isInner": false,
            "elType": "section"
        }
    ]
}