{
    "version": "0.4",
    "title": "Contact-Metform",
    "type": "section",
    "metadata": {
        "template_type": "section-other",
        "include_in_zip": "1",
        "elementor_pro_required": null,
        "wp_page_template": "elementor_canvas"
    },
    "content": [
        {
            "id": "6cc8a03e",
            "settings": [],
            "elements": [
                {
                    "id": "50068336",
                    "settings": {
                        "_column_size": 100,
                        "_inline_size": null,
                        "margin": {
                            "unit": "px",
                            "top": "0",
                            "right": "0",
                            "bottom": "0",
                            "left": "0",
                            "isLinked": false
                        },
                        "padding": {
                            "unit": "px",
                            "top": "0",
                            "right": "0",
                            "bottom": "0",
                            "left": "0",
                            "isLinked": false
                        }
                    },
                    "elements": [
                        {
                            "id": "365ce73",
                            "settings": {
                                "mf_input_label_status": "",
                                "mf_input_label": "First Name (Listing)",
                                "mf_input_placeholder": "Name",
                                "mf_input_validation_warning_message": "This field is required.",
                                "mf_input_background_background": "classic",
                                "__globals__": {
                                    "mf_input_placeholder_color": "globals\/colors?id=76544c2",
                                    "mf_input_background_color": "globals\/colors?id=67641c1",
                                    "mf_input_color": "globals\/colors?id=76544c2",
                                    "mf_input_color_hover": "globals\/colors?id=76544c2",
                                    "mf_input_color_focus": "globals\/colors?id=76544c2",
                                    "mf_input_border_color": "globals\/colors?id=eb507f3"
                                },
                                "mf_input_border_radius": {
                                    "unit": "px",
                                    "size": 10,
                                    "sizes": []
                                },
                                "mf_input_border_border": "solid",
                                "mf_input_border_width": {
                                    "unit": "px",
                                    "top": "1",
                                    "right": "1",
                                    "bottom": "1",
                                    "left": "1",
                                    "isLinked": true
                                }
                            },
                            "elements": [],
                            "isInner": false,
                            "widgetType": "mf-listing-fname",
                            "elType": "widget"
                        },
                        {
                            "id": "6327616b",
                            "settings": {
                                "mf_input_label_status": "",
                                "mf_input_label": "Email",
                                "mf_input_name": "mf-email",
                                "mf_input_placeholder": "Email",
                                "mf_input_validation_warning_message": "This field is required.",
                                "mf_input_background_background": "classic",
                                "__globals__": {
                                    "mf_input_placeholder_color": "globals\/colors?id=76544c2",
                                    "mf_input_background_color": "globals\/colors?id=67641c1",
                                    "mf_input_color": "globals\/colors?id=76544c2",
                                    "mf_input_color_hover": "globals\/colors?id=76544c2",
                                    "mf_input_color_focus": "globals\/colors?id=76544c2",
                                    "mf_input_border_color": "globals\/colors?id=eb507f3"
                                },
                                "mf_input_border_radius": {
                                    "unit": "px",
                                    "size": 10,
                                    "sizes": []
                                },
                                "mf_input_border_border": "solid",
                                "mf_input_border_width": {
                                    "unit": "px",
                                    "top": "1",
                                    "right": "1",
                                    "bottom": "1",
                                    "left": "1",
                                    "isLinked": true
                                }
                            },
                            "elements": [],
                            "isInner": false,
                            "widgetType": "mf-email",
                            "elType": "widget"
                        },
                        {
                            "id": "102c78c5",
                            "settings": {
                                "mf_input_label_status": "",
                                "mf_input_label": "Text",
                                "mf_input_name": "mf-text",
                                "mf_input_placeholder": "Subject",
                                "mf_input_validation_warning_message": "This field is required.",
                                "mf_input_background_background": "classic",
                                "__globals__": {
                                    "mf_input_placeholder_color": "globals\/colors?id=76544c2",
                                    "mf_input_background_color": "globals\/colors?id=67641c1",
                                    "mf_input_color": "globals\/colors?id=76544c2",
                                    "mf_input_color_hover": "globals\/colors?id=76544c2",
                                    "mf_input_color_focus": "globals\/colors?id=76544c2",
                                    "mf_input_border_color": "globals\/colors?id=eb507f3"
                                },
                                "mf_input_border_radius": {
                                    "unit": "px",
                                    "size": 10,
                                    "sizes": []
                                },
                                "mf_input_border_border": "solid",
                                "mf_input_border_width": {
                                    "unit": "px",
                                    "top": "1",
                                    "right": "1",
                                    "bottom": "1",
                                    "left": "1",
                                    "isLinked": true
                                }
                            },
                            "elements": [],
                            "isInner": false,
                            "widgetType": "mf-text",
                            "elType": "widget"
                        },
                        {
                            "id": "45cb2e44",
                            "settings": {
                                "mf_input_label_status": "",
                                "mf_input_label": "Textarea",
                                "mf_input_name": "mf-textarea",
                                "mf_input_placeholder": "Comment",
                                "mf_input_validation_warning_message": "This field is required.",
                                "mf_input_background_background": "classic",
                                "__globals__": {
                                    "mf_input_placeholder_color": "globals\/colors?id=76544c2",
                                    "mf_input_background_color": "globals\/colors?id=67641c1",
                                    "mf_input_color": "globals\/colors?id=76544c2",
                                    "mf_input_color_hover": "globals\/colors?id=76544c2",
                                    "mf_input_color_focus": "globals\/colors?id=76544c2",
                                    "mf_input_border_color": "globals\/colors?id=eb507f3"
                                },
                                "mf_input_border_radius": {
                                    "unit": "px",
                                    "size": 10,
                                    "sizes": []
                                },
                                "mf_input_border_border": "solid",
                                "mf_input_border_width": {
                                    "unit": "px",
                                    "top": "1",
                                    "right": "1",
                                    "bottom": "1",
                                    "left": "1",
                                    "isLinked": true
                                }
                            },
                            "elements": [],
                            "isInner": false,
                            "widgetType": "mf-textarea",
                            "elType": "widget"
                        },
                        {
                            "id": "70931674",
                            "settings": {
                                "mf_btn_text": "Send Now",
                                "mf_btn_align": "justify",
                                "mf_btn_align_tablet": "justify",
                                "mf_btn_align_mobile": "justify",
                                "mf_hidden_input": [],
                                "mf_btn_bg_color_background": "classic",
                                "mf_btn_bg_hover_color_background": "classic",
                                "mf_btn_box_shadow_group_box_shadow_type": "yes",
                                "mf_btn_box_shadow_group_box_shadow": {
                                    "horizontal": 0,
                                    "vertical": 0,
                                    "blur": 10,
                                    "spread": 0,
                                    "color": "rgba(0, 0, 0, 0)"
                                },
                                "__globals__": {
                                    "mf_btn_bg_color_color": "globals\/colors?id=bca6946",
                                    "mf_btn_bg_hover_color_color": "globals\/colors?id=683e01e"
                                },
                                "mf_btn_border_radius": {
                                    "unit": "px",
                                    "top": "24",
                                    "right": "24",
                                    "bottom": "24",
                                    "left": "24",
                                    "isLinked": true
                                },
                                "_padding": {
                                    "unit": "px",
                                    "top": "10",
                                    "right": "0",
                                    "bottom": "0",
                                    "left": "0",
                                    "isLinked": false
                                }
                            },
                            "elements": [],
                            "isInner": false,
                            "widgetType": "mf-button",
                            "elType": "widget"
                        }
                    ],
                    "isInner": false,
                    "elType": "column"
                }
            ],
            "isInner": false,
            "elType": "section"
        }
    ]
}