{
    "version": "0.4",
    "title": "Global Kit Styles",
    "type": "section",
    "metadata": {
        "template_type": "global-styles",
        "include_in_zip": "1",
        "elementor_pro_required": null,
        "additional_template_information": [
            "These are the global theme styles configured through the Elementor Theme Styles area."
        ],
        "wp_page_template": "default"
    },
    "content": [],
    "page_settings": {
        "custom_typography": [
            {
                "typography_typography": "custom",
                "typography_font_family": "Righteous",
                "typography_font_size": {
                    "unit": "rem",
                    "size": 4.2,
                    "sizes": []
                },
                "typography_font_size_tablet": {
                    "unit": "rem",
                    "size": 3.1,
                    "sizes": []
                },
                "typography_font_size_mobile": {
                    "unit": "rem",
                    "size": 2.5,
                    "sizes": []
                },
                "typography_font_weight": "600",
                "_id": "cbee878",
                "title": "H1",
                "typography_line_height": {
                    "unit": "em",
                    "size": 1,
                    "sizes": []
                },
                "typography_text_transform": "capitalize"
            },
            {
                "typography_typography": "custom",
                "typography_font_family": "Righteous",
                "typography_font_size": {
                    "unit": "rem",
                    "size": 2.6,
                    "sizes": []
                },
                "typography_font_size_tablet": {
                    "unit": "rem",
                    "size": 2,
                    "sizes": []
                },
                "typography_font_size_mobile": {
                    "unit": "rem",
                    "size": 2,
                    "sizes": []
                },
                "typography_font_weight": "600",
                "_id": "593381a",
                "title": "H2",
                "typography_line_height": {
                    "unit": "em",
                    "size": 1,
                    "sizes": []
                },
                "typography_text_transform": "capitalize"
            },
            {
                "typography_typography": "custom",
                "typography_font_family": "Righteous",
                "typography_font_size": {
                    "unit": "rem",
                    "size": 2,
                    "sizes": []
                },
                "typography_font_size_tablet": {
                    "unit": "rem",
                    "size": 1.3,
                    "sizes": []
                },
                "typography_font_size_mobile": {
                    "unit": "rem",
                    "size": 1.3,
                    "sizes": []
                },
                "typography_font_weight": "600",
                "_id": "aa08128",
                "title": "H3",
                "typography_line_height": {
                    "unit": "em",
                    "size": 1,
                    "sizes": []
                }
            },
            {
                "typography_typography": "custom",
                "typography_font_family": "Righteous",
                "typography_font_size": {
                    "unit": "rem",
                    "size": 1.6,
                    "sizes": []
                },
                "typography_font_size_tablet": {
                    "unit": "rem",
                    "size": 1.2,
                    "sizes": []
                },
                "typography_font_size_mobile": {
                    "unit": "rem",
                    "size": 1.2,
                    "sizes": []
                },
                "typography_font_weight": "600",
                "_id": "f203c23",
                "title": "H4",
                "typography_line_height": {
                    "unit": "em",
                    "size": 1,
                    "sizes": []
                }
            },
            {
                "typography_typography": "custom",
                "typography_font_family": "Righteous",
                "typography_font_size": {
                    "unit": "rem",
                    "size": 1.3,
                    "sizes": []
                },
                "typography_font_size_tablet": {
                    "unit": "rem",
                    "size": 1,
                    "sizes": []
                },
                "typography_font_size_mobile": {
                    "unit": "rem",
                    "size": 1,
                    "sizes": []
                },
                "typography_font_weight": "600",
                "_id": "a2fc1b9",
                "title": "H5",
                "typography_line_height": {
                    "unit": "em",
                    "size": 1,
                    "sizes": []
                }
            },
            {
                "typography_typography": "custom",
                "typography_font_family": "Righteous",
                "typography_font_size": {
                    "unit": "rem",
                    "size": 0.9,
                    "sizes": []
                },
                "typography_font_size_tablet": {
                    "unit": "rem",
                    "size": 0.8,
                    "sizes": []
                },
                "typography_font_size_mobile": {
                    "unit": "rem",
                    "size": 0.8,
                    "sizes": []
                },
                "typography_font_weight": "600",
                "_id": "d3ea90d",
                "title": "H6",
                "typography_line_height": {
                    "unit": "em",
                    "size": 1,
                    "sizes": []
                }
            },
            {
                "typography_typography": "custom",
                "typography_font_family": "Roboto",
                "typography_font_size": {
                    "unit": "rem",
                    "size": 1,
                    "sizes": []
                },
                "typography_font_size_tablet": {
                    "unit": "rem",
                    "size": 0.9,
                    "sizes": []
                },
                "typography_font_size_mobile": {
                    "unit": "rem",
                    "size": 0.9,
                    "sizes": []
                },
                "typography_font_weight": "400",
                "_id": "f8cdd91",
                "title": "Body Text",
                "typography_line_height": {
                    "unit": "em",
                    "size": 1.5,
                    "sizes": []
                }
            },
            {
                "typography_typography": "custom",
                "typography_font_family": "Roboto",
                "typography_font_size": {
                    "unit": "rem",
                    "size": 1.3,
                    "sizes": []
                },
                "typography_font_size_tablet": {
                    "unit": "rem",
                    "size": 1,
                    "sizes": []
                },
                "typography_font_size_mobile": {
                    "unit": "rem",
                    "size": 1,
                    "sizes": []
                },
                "typography_font_weight": "500",
                "typography_line_height": {
                    "unit": "em",
                    "size": "",
                    "sizes": []
                },
                "typography_letter_spacing": {
                    "unit": "px",
                    "size": 5,
                    "sizes": []
                },
                "_id": "3f07da6",
                "title": "Mini Heading"
            },
            {
                "typography_typography": "custom",
                "typography_font_family": "Roboto",
                "typography_font_size": {
                    "unit": "rem",
                    "size": 0.9,
                    "sizes": []
                },
                "typography_font_size_tablet": {
                    "unit": "rem",
                    "size": 0.8,
                    "sizes": []
                },
                "typography_font_size_mobile": {
                    "unit": "rem",
                    "size": 0.8,
                    "sizes": []
                },
                "typography_font_weight": "400",
                "typography_line_height": {
                    "unit": "em",
                    "size": "",
                    "sizes": []
                },
                "_id": "24b2df3",
                "title": "h6 footer"
            },
            {
                "typography_typography": "custom",
                "typography_font_family": "Roboto",
                "typography_font_size": {
                    "unit": "rem",
                    "size": 1.2,
                    "sizes": []
                },
                "typography_font_size_tablet": {
                    "unit": "rem",
                    "size": 1.1,
                    "sizes": []
                },
                "typography_font_size_mobile": {
                    "unit": "rem",
                    "size": 1.1,
                    "sizes": []
                },
                "typography_font_weight": "500",
                "typography_line_height": {
                    "unit": "em",
                    "size": "",
                    "sizes": []
                },
                "_id": "64a9188",
                "title": "Post title"
            },
            {
                "typography_typography": "custom",
                "typography_font_family": "Roboto",
                "typography_font_size": {
                    "unit": "rem",
                    "size": 1,
                    "sizes": []
                },
                "typography_font_size_tablet": {
                    "unit": "rem",
                    "size": 0.9,
                    "sizes": []
                },
                "typography_font_size_mobile": {
                    "unit": "rem",
                    "size": 0.9,
                    "sizes": []
                },
                "typography_font_weight": "500",
                "typography_line_height": {
                    "unit": "em",
                    "size": 1.5,
                    "sizes": []
                },
                "_id": "779cdfc",
                "title": "text bold"
            },
            {
                "typography_typography": "custom",
                "typography_font_family": "Righteous",
                "typography_font_size": {
                    "unit": "rem",
                    "size": 7,
                    "sizes": []
                },
                "typography_font_size_tablet": {
                    "unit": "rem",
                    "size": 6,
                    "sizes": []
                },
                "typography_font_size_mobile": {
                    "unit": "rem",
                    "size": 5,
                    "sizes": []
                },
                "typography_font_weight": "600",
                "typography_line_height": {
                    "unit": "em",
                    "size": 1,
                    "sizes": []
                },
                "_id": "adcb678",
                "title": "404"
            },
            {
                "typography_typography": "custom",
                "typography_font_family": "Shadows Into Light",
                "typography_font_size": {
                    "unit": "rem",
                    "size": 4.2,
                    "sizes": []
                },
                "typography_font_size_tablet": {
                    "unit": "rem",
                    "size": 3.1,
                    "sizes": []
                },
                "typography_font_size_mobile": {
                    "unit": "rem",
                    "size": 2.5,
                    "sizes": []
                },
                "typography_font_weight": "600",
                "typography_text_transform": "capitalize",
                "typography_line_height": {
                    "unit": "em",
                    "size": 1,
                    "sizes": []
                },
                "typography_word_spacing": {
                    "unit": "em",
                    "size": "",
                    "sizes": []
                },
                "_id": "dc13a25",
                "title": "handwriting"
            },
            {
                "typography_typography": "custom",
                "typography_font_family": "Dosis",
                "typography_font_size": {
                    "unit": "rem",
                    "size": 3,
                    "sizes": []
                },
                "typography_font_size_tablet": {
                    "unit": "rem",
                    "size": 2.5,
                    "sizes": []
                },
                "typography_font_size_mobile": {
                    "unit": "rem",
                    "size": 2.5,
                    "sizes": []
                },
                "typography_font_weight": "700",
                "typography_text_transform": "capitalize",
                "typography_line_height": {
                    "unit": "em",
                    "size": 1,
                    "sizes": []
                },
                "typography_word_spacing": {
                    "unit": "em",
                    "size": "",
                    "sizes": []
                },
                "_id": "6ecdaa3",
                "title": "price"
            },
            {
                "typography_typography": "custom",
                "typography_font_family": "Righteous",
                "typography_font_size": {
                    "unit": "rem",
                    "size": 10,
                    "sizes": []
                },
                "typography_font_size_tablet": {
                    "unit": "rem",
                    "size": 7,
                    "sizes": []
                },
                "typography_font_size_mobile": {
                    "unit": "rem",
                    "size": 5,
                    "sizes": []
                },
                "typography_font_weight": "800",
                "typography_line_height": {
                    "unit": "em",
                    "size": 1,
                    "sizes": []
                },
                "typography_word_spacing": {
                    "unit": "em",
                    "size": "",
                    "sizes": []
                },
                "_id": "7d12cfd",
                "title": "404 v2"
            },
            {
                "typography_typography": "custom",
                "typography_font_family": "Dosis",
                "typography_font_size": {
                    "unit": "rem",
                    "size": 1,
                    "sizes": []
                },
                "typography_font_size_tablet": {
                    "unit": "rem",
                    "size": 0.9,
                    "sizes": []
                },
                "typography_font_size_mobile": {
                    "unit": "rem",
                    "size": 0.9,
                    "sizes": []
                },
                "typography_font_weight": "500",
                "typography_text_transform": "none",
                "typography_font_style": "normal",
                "_id": "18295b7",
                "title": "404 text"
            }
        ],
        "system_colors": [
            {
                "_id": "primary",
                "title": "Primary",
                "color": "#6EC1E4"
            },
            {
                "_id": "secondary",
                "title": "Secondary",
                "color": "#54595F"
            },
            {
                "_id": "text",
                "title": "Text",
                "color": "#7A7A7A"
            },
            {
                "_id": "accent",
                "title": "Accent",
                "color": "#61CE70"
            }
        ],
        "custom_colors": [
            {
                "_id": "e64be90",
                "title": "White",
                "color": "#FFFFFF"
            },
            {
                "_id": "eb507f3",
                "title": "Transparent",
                "color": "#FFFFFF00"
            },
            {
                "_id": "3f37fea",
                "title": "Black1",
                "color": "#3A3A3A"
            },
            {
                "_id": "b4d1dfd",
                "title": "yellow",
                "color": "#FFBE00"
            },
            {
                "_id": "c1ada29",
                "title": "Yellow2",
                "color": "#FFE779"
            },
            {
                "_id": "7af558c",
                "title": "transparent2",
                "color": "#FFFFFF1A"
            },
            {
                "_id": "568e035",
                "title": "Purple",
                "color": "#B279FF"
            },
            {
                "_id": "45bcc5b",
                "title": "black2",
                "color": "#484848"
            },
            {
                "_id": "76544c2",
                "title": "grey1",
                "color": "#D8D8D8"
            },
            {
                "_id": "964964e",
                "title": "dongker",
                "color": "#2D2D44"
            },
            {
                "_id": "70ca7d7",
                "title": "dongker2",
                "color": "#062233"
            },
            {
                "_id": "faf5d15",
                "title": "absoluteblack",
                "color": "#000000"
            },
            {
                "_id": "1803bf0",
                "title": "purple2",
                "color": "#BB8FF7"
            },
            {
                "_id": "4eb5029",
                "title": "blue",
                "color": "#3C8AAB"
            },
            {
                "_id": "fb84f3a",
                "title": "light blue",
                "color": "#C5E3F0"
            },
            {
                "_id": "caae858",
                "title": "sky blue",
                "color": "#A8E2E6"
            },
            {
                "_id": "442231c",
                "title": "brown",
                "color": "#CE9754"
            },
            {
                "_id": "c7b9c5f",
                "title": "brown2",
                "color": "#E3B781"
            },
            {
                "_id": "d498ef1",
                "title": "white 2",
                "color": "#F0EFE6"
            },
            {
                "_id": "639e95c",
                "title": "brown3",
                "color": "#A28B68"
            },
            {
                "_id": "7c7ba2f",
                "title": "Browncream",
                "color": "#FFF0DD"
            },
            {
                "_id": "730643a",
                "title": "bark",
                "color": "#8D8980"
            },
            {
                "_id": "3fce00d",
                "title": "green1",
                "color": "#BDC87B"
            },
            {
                "_id": "2b57703",
                "title": "trans3",
                "color": "#D8D8D8BD"
            },
            {
                "_id": "730a667",
                "title": "red1",
                "color": "#F46A5E"
            },
            {
                "_id": "ab0a9e7",
                "title": "yellow2",
                "color": "#FFA33E"
            },
            {
                "_id": "89b15fa",
                "title": "green2",
                "color": "#7EC242"
            },
            {
                "_id": "0af79f3",
                "title": "blue5",
                "color": "#89C4C8"
            },
            {
                "_id": "b9731ad",
                "title": "trans4",
                "color": "#F0EFE6D4"
            },
            {
                "_id": "1c4e034",
                "title": "white trans2",
                "color": "#FFFFFFDB"
            },
            {
                "title": "green3",
                "_id": "649b555",
                "color": "#6EA51D"
            },
            {
                "_id": "1e009fa",
                "title": "orange",
                "color": "#FFC124"
            },
            {
                "_id": "34da2f3",
                "title": "red2",
                "color": "#FE5033"
            },
            {
                "_id": "e42fa42",
                "title": "yellowtrans",
                "color": "#FFC12421"
            },
            {
                "_id": "5715d1f",
                "title": "white yellow",
                "color": "#FFF7E3"
            },
            {
                "_id": "9c7372a",
                "title": "greentrans",
                "color": "#7EC2421C"
            },
            {
                "_id": "d43c678",
                "title": "whitegreen",
                "color": "#F1F8EB"
            },
            {
                "_id": "8ddb7c3",
                "title": "whiteyellow2",
                "color": "#FFFCF5"
            },
            {
                "_id": "bebcf4d",
                "title": "light green",
                "color": "#C4EDA1"
            },
            {
                "_id": "73f5821",
                "title": "hover cream",
                "color": "#FFF7E4CC"
            },
            {
                "_id": "30d60fe",
                "title": "orange2",
                "color": "#E9A62F"
            },
            {
                "_id": "c176849",
                "title": "orang2 trans",
                "color": "#E9A62FCF"
            },
            {
                "_id": "7d460fa",
                "title": "Blackblue",
                "color": "#0A161D"
            },
            {
                "_id": "bca6946",
                "title": "blue2",
                "color": "#8099E9"
            },
            {
                "_id": "683e01e",
                "title": "Pink",
                "color": "#E99DCB"
            },
            {
                "_id": "b88e696",
                "title": "bluedark",
                "color": "#232048"
            },
            {
                "title": "cyan",
                "_id": "430fcf1",
                "color": "#00E6F6"
            },
            {
                "_id": "e0c8cdb",
                "title": "cyan2",
                "color": "#4ADBD6"
            },
            {
                "_id": "98946ae",
                "title": "cyan22",
                "color": "#4ADBD6"
            },
            {
                "_id": "67641c1",
                "title": "light dark",
                "color": "#182430"
            },
            {
                "_id": "848b671",
                "title": "darkcyan",
                "color": "#203E50"
            },
            {
                "_id": "a619ba9",
                "title": "darkpink",
                "color": "#2E1D36"
            },
            {
                "_id": "5263ad0",
                "title": "blacktrans",
                "color": "#00000042"
            },
            {
                "_id": "b9fe6bd",
                "title": "pink",
                "color": "#E046B2"
            },
            {
                "_id": "5520548",
                "title": "purpple",
                "color": "#4B2A76"
            }
        ],
        "system_typography": [
            {
                "_id": "primary",
                "title": "Primary",
                "typography_typography": "custom",
                "typography_font_family": "Hind",
                "typography_font_weight": "600",
                "typography_font_size": {
                    "unit": "rem",
                    "size": 2.6,
                    "sizes": []
                },
                "typography_font_size_tablet": {
                    "unit": "rem",
                    "size": 2,
                    "sizes": []
                },
                "typography_font_size_mobile": {
                    "unit": "rem",
                    "size": 2,
                    "sizes": []
                }
            },
            {
                "_id": "secondary",
                "title": "Secondary",
                "typography_typography": "custom",
                "typography_font_family": "Hind",
                "typography_font_weight": "400",
                "typography_font_size": {
                    "unit": "rem",
                    "size": 2,
                    "sizes": []
                },
                "typography_font_size_tablet": {
                    "unit": "rem",
                    "size": 1.3,
                    "sizes": []
                },
                "typography_font_size_mobile": {
                    "unit": "rem",
                    "size": 1.3,
                    "sizes": []
                }
            },
            {
                "_id": "text",
                "title": "Text",
                "typography_typography": "custom",
                "typography_font_family": "Roboto",
                "typography_font_weight": "400",
                "typography_font_size": {
                    "unit": "rem",
                    "size": 1.1,
                    "sizes": []
                },
                "typography_font_size_tablet": {
                    "unit": "rem",
                    "size": 0.9,
                    "sizes": []
                },
                "typography_font_size_mobile": {
                    "unit": "rem",
                    "size": 0.9,
                    "sizes": []
                }
            },
            {
                "_id": "accent",
                "title": "Accent",
                "typography_typography": "custom",
                "typography_font_family": "Righteous",
                "typography_font_weight": "500",
                "typography_font_size": {
                    "unit": "rem",
                    "size": 1,
                    "sizes": []
                },
                "typography_font_size_tablet": {
                    "unit": "rem",
                    "size": 0.9,
                    "sizes": []
                },
                "typography_font_size_mobile": {
                    "unit": "rem",
                    "size": 0.9,
                    "sizes": []
                }
            }
        ],
        "default_generic_fonts": "Sans-serif",
        "page_title_selector": "h1.entry-title",
        "hello_footer_copyright_text": "All rights reserved",
        "__globals__": {
            "body_typography_typography": "globals\/typography?id=text",
            "body_color": "globals\/colors?id=76544c2",
            "h1_color": "globals\/colors?id=e64be90",
            "h1_typography_typography": "globals\/typography?id=cbee878",
            "h2_color": "globals\/colors?id=e64be90",
            "h2_typography_typography": "globals\/typography?id=593381a",
            "h3_color": "globals\/colors?id=e64be90",
            "h3_typography_typography": "globals\/typography?id=aa08128",
            "h4_color": "globals\/colors?id=e64be90",
            "h4_typography_typography": "globals\/typography?id=f203c23",
            "h5_color": "globals\/colors?id=e64be90",
            "h5_typography_typography": "globals\/typography?id=a2fc1b9",
            "h6_color": "globals\/colors?id=e64be90",
            "h6_typography_typography": "globals\/typography?id=d3ea90d",
            "link_normal_color": "globals\/colors?id=e64be90",
            "link_normal_typography_typography": "",
            "button_typography_typography": "globals\/typography?id=text",
            "button_background_color": "globals\/colors?id=bca6946",
            "button_hover_background_color": "globals\/colors?id=e64be90",
            "button_text_color": "globals\/colors?id=e64be90",
            "button_border_color": "globals\/colors?id=639e95c",
            "button_hover_border_color": "globals\/colors?id=730643a",
            "body_background_color": "globals\/colors?id=7d460fa",
            "button_hover_text_color": "globals\/colors?id=bca6946"
        },
        "viewport_md": 768,
        "viewport_lg": 1025,
        "button_border_width": {
            "unit": "px",
            "top": "1",
            "right": "1",
            "bottom": "1",
            "left": "1",
            "isLinked": true
        },
        "button_border_radius": {
            "unit": "px",
            "top": "28",
            "right": "28",
            "bottom": "28",
            "left": "28",
            "isLinked": true
        },
        "button_padding": {
            "unit": "px",
            "top": "20",
            "right": "24",
            "bottom": "20",
            "left": "24",
            "isLinked": false
        },
        "activeItemIndex": 1,
        "button_typography_typography": "custom",
        "button_typography_font_family": "Roboto",
        "button_typography_font_size": {
            "unit": "rem",
            "size": 1.1,
            "sizes": []
        },
        "button_typography_font_weight": "400",
        "button_typography_line_height": {
            "unit": "px",
            "size": 25,
            "sizes": []
        },
        "button_text_color": "#FFFFFF",
        "button_border_color": "#A28B68",
        "button_typography_font_size_tablet": {
            "unit": "rem",
            "size": 0.9,
            "sizes": []
        },
        "button_typography_font_size_mobile": {
            "unit": "rem",
            "size": 0.9,
            "sizes": []
        },
        "button_hover_border_width": {
            "unit": "px",
            "top": "1",
            "right": "1",
            "bottom": "1",
            "left": "1",
            "isLinked": true
        },
        "body_color": "#D8D8D8",
        "h1_color": "#FFFFFF",
        "h2_color": "#FFFFFF",
        "h3_color": "#FFFFFF",
        "h4_color": "#FFFFFF",
        "h5_color": "#FFFFFF",
        "h6_color": "#FFFFFF",
        "button_hover_border_color": "#8D8980",
        "container_width": {
            "unit": "px",
            "size": 1300,
            "sizes": []
        },
        "body_typography_typography": "custom",
        "body_typography_font_family": "Roboto",
        "body_typography_font_size": {
            "unit": "rem",
            "size": 1.1,
            "sizes": []
        },
        "body_typography_font_weight": "400",
        "link_normal_typography_font_family": "Roboto",
        "link_normal_typography_font_size": {
            "unit": "rem",
            "size": 1.1,
            "sizes": []
        },
        "link_normal_typography_font_weight": "400",
        "h1_typography_typography": "custom",
        "h1_typography_font_family": "Dosis",
        "h1_typography_font_size": {
            "unit": "rem",
            "size": 4.2,
            "sizes": []
        },
        "h1_typography_font_weight": "600",
        "h1_typography_text_transform": "capitalize",
        "h1_typography_line_height": {
            "unit": "em",
            "size": 1,
            "sizes": []
        },
        "h1_typography_word_spacing": {
            "unit": "em",
            "size": "",
            "sizes": []
        },
        "h2_typography_typography": "custom",
        "h2_typography_font_family": "Dosis",
        "h2_typography_font_size": {
            "unit": "rem",
            "size": 2.6,
            "sizes": []
        },
        "h2_typography_font_weight": "600",
        "h2_typography_text_transform": "capitalize",
        "h2_typography_line_height": {
            "unit": "em",
            "size": 1,
            "sizes": []
        },
        "h2_typography_word_spacing": {
            "unit": "em",
            "size": "",
            "sizes": []
        },
        "h3_typography_typography": "custom",
        "h3_typography_font_family": "Dosis",
        "h3_typography_font_size": {
            "unit": "rem",
            "size": 2,
            "sizes": []
        },
        "h3_typography_font_weight": "600",
        "h3_typography_line_height": {
            "unit": "em",
            "size": 1,
            "sizes": []
        },
        "h3_typography_word_spacing": {
            "unit": "em",
            "size": "",
            "sizes": []
        },
        "h4_typography_typography": "custom",
        "h4_typography_font_family": "Dosis",
        "h4_typography_font_size": {
            "unit": "rem",
            "size": 1.6,
            "sizes": []
        },
        "h4_typography_font_weight": "600",
        "h4_typography_line_height": {
            "unit": "em",
            "size": 1,
            "sizes": []
        },
        "h4_typography_word_spacing": {
            "unit": "em",
            "size": "",
            "sizes": []
        },
        "h5_typography_typography": "custom",
        "h5_typography_font_family": "Dosis",
        "h5_typography_font_size": {
            "unit": "rem",
            "size": 1.3,
            "sizes": []
        },
        "h5_typography_font_weight": "600",
        "h5_typography_line_height": {
            "unit": "em",
            "size": 1,
            "sizes": []
        },
        "h5_typography_word_spacing": {
            "unit": "em",
            "size": "",
            "sizes": []
        },
        "h6_typography_typography": "custom",
        "h6_typography_font_family": "Dosis",
        "h6_typography_font_size": {
            "unit": "rem",
            "size": 0.9,
            "sizes": []
        },
        "h6_typography_font_weight": "600",
        "h6_typography_line_height": {
            "unit": "em",
            "size": 1,
            "sizes": []
        },
        "h6_typography_word_spacing": {
            "unit": "em",
            "size": "",
            "sizes": []
        },
        "body_typography_font_size_tablet": {
            "unit": "rem",
            "size": 0.9,
            "sizes": []
        },
        "body_typography_font_size_mobile": {
            "unit": "rem",
            "size": 0.9,
            "sizes": []
        },
        "link_normal_typography_font_size_tablet": {
            "unit": "rem",
            "size": 0.9,
            "sizes": []
        },
        "link_normal_typography_font_size_mobile": {
            "unit": "rem",
            "size": 0.9,
            "sizes": []
        },
        "h1_typography_font_size_tablet": {
            "unit": "rem",
            "size": 3.1,
            "sizes": []
        },
        "h1_typography_font_size_mobile": {
            "unit": "rem",
            "size": 2.5,
            "sizes": []
        },
        "h2_typography_font_size_tablet": {
            "unit": "rem",
            "size": 2,
            "sizes": []
        },
        "h2_typography_font_size_mobile": {
            "unit": "rem",
            "size": 2,
            "sizes": []
        },
        "h3_typography_font_size_tablet": {
            "unit": "rem",
            "size": 1.3,
            "sizes": []
        },
        "h3_typography_font_size_mobile": {
            "unit": "rem",
            "size": 1.3,
            "sizes": []
        },
        "h4_typography_font_size_tablet": {
            "unit": "rem",
            "size": 1.2,
            "sizes": []
        },
        "h4_typography_font_size_mobile": {
            "unit": "rem",
            "size": 1.2,
            "sizes": []
        },
        "h5_typography_font_size_tablet": {
            "unit": "rem",
            "size": 1,
            "sizes": []
        },
        "h5_typography_font_size_mobile": {
            "unit": "rem",
            "size": 1,
            "sizes": []
        },
        "h6_typography_font_size_tablet": {
            "unit": "rem",
            "size": 0.8,
            "sizes": []
        },
        "h6_typography_font_size_mobile": {
            "unit": "rem",
            "size": 0.8,
            "sizes": []
        },
        "button_background_color": "#00E6F6",
        "body_background_background": "classic",
        "link_normal_color": "#FFFFFF",
        "button_hover_text_color": "#232048",
        "body_background_color": "#0A161D"
    }
}