{
    "version": "0.4",
    "title": "Team",
    "type": "page",
    "metadata": {
        "template_type": "single-page",
        "include_in_zip": "1",
        "elementor_pro_required": null,
        "wp_page_template": "elementor_header_footer"
    },
    "content": [
        {
            "id": "75231b62",
            "settings": {
                "background_background": "classic",
                "background_image": {
                    "url": "https:\/\/kitpro.site\/devour\/wp-content\/uploads\/sites\/104\/2022\/08\/03-copy.jpg",
                    "id": 66,
                    "alt": "",
                    "source": "library"
                },
                "shape_divider_bottom": "tilt",
                "shape_divider_bottom_flip": "yes",
                "margin": {
                    "unit": "px",
                    "top": "0",
                    "right": 0,
                    "bottom": "0",
                    "left": 0,
                    "isLinked": false
                },
                "padding": {
                    "unit": "px",
                    "top": "150",
                    "right": "0",
                    "bottom": "150",
                    "left": "0",
                    "isLinked": false
                },
                "__globals__": {
                    "shape_divider_bottom_color": "globals\/colors?id=7d460fa"
                },
                "padding_tablet": {
                    "unit": "px",
                    "top": "150",
                    "right": "30",
                    "bottom": "100",
                    "left": "30",
                    "isLinked": false
                },
                "padding_mobile": {
                    "unit": "px",
                    "top": "150",
                    "right": "20",
                    "bottom": "100",
                    "left": "20",
                    "isLinked": false
                }
            },
            "elements": [
                {
                    "id": "1cc4b308",
                    "settings": {
                        "_column_size": 100,
                        "_inline_size": null,
                        "margin": {
                            "unit": "px",
                            "top": "0",
                            "right": "0",
                            "bottom": "0",
                            "left": "0",
                            "isLinked": false
                        },
                        "padding": {
                            "unit": "px",
                            "top": "0",
                            "right": "0",
                            "bottom": "0",
                            "left": "0",
                            "isLinked": false
                        }
                    },
                    "elements": [
                        {
                            "id": "ab7ed01",
                            "settings": {
                                "title": "Team",
                                "header_size": "h1",
                                "align": "center"
                            },
                            "elements": [],
                            "isInner": false,
                            "widgetType": "heading",
                            "elType": "widget"
                        },
                        {
                            "id": "415de2cd",
                            "settings": {
                                "align": "center",
                                "_padding": {
                                    "unit": "%",
                                    "top": "0",
                                    "right": "25",
                                    "bottom": "0",
                                    "left": "25",
                                    "isLinked": false
                                },
                                "_padding_tablet": {
                                    "unit": "%",
                                    "top": "0",
                                    "right": "16",
                                    "bottom": "0",
                                    "left": "16",
                                    "isLinked": false
                                },
                                "_padding_mobile": {
                                    "unit": "%",
                                    "top": "0",
                                    "right": "0",
                                    "bottom": "0",
                                    "left": "0",
                                    "isLinked": false
                                },
                                "__globals__": {
                                    "text_color": "globals\/colors?id=e64be90"
                                }
                            },
                            "elements": [],
                            "isInner": false,
                            "widgetType": "text-editor",
                            "elType": "widget"
                        }
                    ],
                    "isInner": false,
                    "elType": "column"
                }
            ],
            "isInner": false,
            "elType": "section"
        },
        {
            "id": "5799bc3",
            "settings": {
                "structure": "20",
                "padding": {
                    "unit": "px",
                    "top": "75",
                    "right": "0",
                    "bottom": "50",
                    "left": "0",
                    "isLinked": false
                },
                "overflow": "hidden",
                "padding_tablet": {
                    "unit": "px",
                    "top": "75",
                    "right": "30",
                    "bottom": "50",
                    "left": "30",
                    "isLinked": false
                },
                "padding_mobile": {
                    "unit": "px",
                    "top": "75",
                    "right": "20",
                    "bottom": "50",
                    "left": "20",
                    "isLinked": false
                },
                "reverse_order_mobile": "reverse-mobile"
            },
            "elements": [
                {
                    "id": "3be2c278",
                    "settings": {
                        "_column_size": 50,
                        "_inline_size": 60,
                        "content_position": "center",
                        "margin": {
                            "unit": "px",
                            "top": "0",
                            "right": "0",
                            "bottom": "0",
                            "left": "0",
                            "isLinked": false
                        },
                        "padding": {
                            "unit": "px",
                            "top": "0",
                            "right": "50",
                            "bottom": "0",
                            "left": "0",
                            "isLinked": false
                        },
                        "margin_mobile": {
                            "unit": "px",
                            "top": "0",
                            "right": "0",
                            "bottom": "0",
                            "left": "0",
                            "isLinked": false
                        },
                        "padding_mobile": {
                            "unit": "px",
                            "top": "0",
                            "right": "0",
                            "bottom": "0",
                            "left": "0",
                            "isLinked": false
                        }
                    },
                    "elements": [
                        {
                            "id": "615d1ca",
                            "settings": {
                                "title": "Bringing you the future of play.",
                                "_padding": {
                                    "unit": "px",
                                    "top": "0",
                                    "right": "0",
                                    "bottom": "0",
                                    "left": "0",
                                    "isLinked": false
                                },
                                "align_mobile": "center",
                                "_margin_mobile": {
                                    "unit": "px",
                                    "top": "0",
                                    "right": "0",
                                    "bottom": "0",
                                    "left": "0",
                                    "isLinked": true
                                },
                                "_padding_mobile": {
                                    "unit": "px",
                                    "top": "0",
                                    "right": "0",
                                    "bottom": "0",
                                    "left": "0",
                                    "isLinked": false
                                },
                                "_z_index": 2
                            },
                            "elements": [],
                            "isInner": false,
                            "widgetType": "heading",
                            "elType": "widget"
                        },
                        {
                            "id": "36588974",
                            "settings": {
                                "editor": "<p>Vivamus euismod massa vitae scelerisque luctus. Fusce pretium metus nec orci cursus, non molestie arcu consectetur. Pellentesque elementum vel nisi at fermentum. Suspendisse ultricies ante id congue tincidunt. Nulla rutrum at enim sit amet rutrum. Donec porttitor ante lectus, in tincidunt mauris dignissim sit amet. <\/p>",
                                "align_mobile": "center"
                            },
                            "elements": [],
                            "isInner": false,
                            "widgetType": "text-editor",
                            "elType": "widget"
                        },
                        {
                            "id": "19599e1c",
                            "settings": {
                                "image": {
                                    "url": "https:\/\/kitpro.site\/devour\/wp-content\/uploads\/sites\/104\/2022\/08\/trans-pink.png",
                                    "id": 46,
                                    "alt": "",
                                    "source": "library"
                                },
                                "opacity": {
                                    "unit": "px",
                                    "size": 0.3,
                                    "sizes": []
                                },
                                "_element_width": "initial",
                                "_element_custom_width": {
                                    "unit": "px",
                                    "size": 537.8
                                },
                                "_position": "absolute",
                                "_offset_x": {
                                    "size": -158,
                                    "unit": "px"
                                },
                                "_offset_y": {
                                    "size": -87,
                                    "unit": "px"
                                },
                                "_element_width_tablet": "initial",
                                "_element_width_mobile": "initial",
                                "_element_custom_width_tablet": {
                                    "unit": "px",
                                    "size": 367.8
                                },
                                "_element_custom_width_mobile": {
                                    "unit": "px",
                                    "size": 283.8
                                },
                                "_offset_x_tablet": {
                                    "size": 444,
                                    "unit": "px"
                                },
                                "_offset_x_mobile": {
                                    "size": -105,
                                    "unit": "px"
                                },
                                "_offset_y_tablet": {
                                    "size": -105,
                                    "unit": "px"
                                },
                                "_offset_y_mobile": {
                                    "size": -40,
                                    "unit": "px"
                                },
                                "_z_index": 1
                            },
                            "elements": [],
                            "isInner": false,
                            "widgetType": "image",
                            "elType": "widget"
                        },
                        {
                            "id": "4952fa33",
                            "settings": {
                                "title": "JEREMY ANDERSON",
                                "header_size": "h4",
                                "__globals__": {
                                    "typography_typography": "globals\/typography?id=f203c23"
                                },
                                "align_mobile": "center",
                                "_z_index": 2
                            },
                            "elements": [],
                            "isInner": false,
                            "widgetType": "heading",
                            "elType": "widget"
                        },
                        {
                            "id": "51fa1ca9",
                            "settings": {
                                "image": {
                                    "url": "https:\/\/kitpro.site\/devour\/wp-content\/uploads\/sites\/104\/2022\/08\/trans-blue.png",
                                    "id": 45,
                                    "alt": "",
                                    "source": "library"
                                },
                                "_element_width": "initial",
                                "_element_custom_width": {
                                    "unit": "px",
                                    "size": 478.8
                                },
                                "_position": "absolute",
                                "_offset_x": {
                                    "size": 180,
                                    "unit": "px"
                                },
                                "_offset_y": {
                                    "size": -53,
                                    "unit": "px"
                                },
                                "_element_width_tablet": "initial",
                                "_element_width_mobile": "initial",
                                "_element_custom_width_tablet": {
                                    "unit": "px",
                                    "size": 366.8
                                },
                                "_element_custom_width_mobile": {
                                    "unit": "px",
                                    "size": 239.8
                                },
                                "_offset_x_tablet": {
                                    "size": 333,
                                    "unit": "px"
                                },
                                "_offset_x_mobile": {
                                    "size": 72,
                                    "unit": "px"
                                },
                                "_offset_y_tablet": {
                                    "size": 14,
                                    "unit": "px"
                                },
                                "_offset_y_mobile": {
                                    "size": 79,
                                    "unit": "px"
                                },
                                "opacity": {
                                    "unit": "px",
                                    "size": 0.45,
                                    "sizes": []
                                }
                            },
                            "elements": [],
                            "isInner": false,
                            "widgetType": "image",
                            "elType": "widget"
                        },
                        {
                            "id": "7bff13e8",
                            "settings": {
                                "title": "Chief Executive Officer",
                                "header_size": "div",
                                "_margin": {
                                    "unit": "px",
                                    "top": "-10",
                                    "right": "0",
                                    "bottom": "0",
                                    "left": "0",
                                    "isLinked": false
                                },
                                "__globals__": {
                                    "typography_typography": "globals\/typography?id=accent",
                                    "title_color": "globals\/colors?id=430fcf1"
                                },
                                "align_mobile": "center",
                                "_z_index": 2
                            },
                            "elements": [],
                            "isInner": false,
                            "widgetType": "heading",
                            "elType": "widget"
                        }
                    ],
                    "isInner": false,
                    "elType": "column"
                },
                {
                    "id": "3c2b1983",
                    "settings": {
                        "_column_size": 50,
                        "_inline_size": 40,
                        "margin": {
                            "unit": "px",
                            "top": "0",
                            "right": "0",
                            "bottom": "0",
                            "left": "0",
                            "isLinked": false
                        },
                        "padding": {
                            "unit": "px",
                            "top": "0",
                            "right": "0",
                            "bottom": "0",
                            "left": "0",
                            "isLinked": false
                        },
                        "margin_mobile": {
                            "unit": "px",
                            "top": "0",
                            "right": "0",
                            "bottom": "0",
                            "left": "0",
                            "isLinked": false
                        },
                        "padding_mobile": {
                            "unit": "px",
                            "top": "0",
                            "right": "0",
                            "bottom": "0",
                            "left": "0",
                            "isLinked": false
                        }
                    },
                    "elements": [
                        {
                            "id": "56894c25",
                            "settings": {
                                "image": {
                                    "url": "https:\/\/kitpro.site\/devour\/wp-content\/uploads\/sites\/104\/2022\/08\/virtual-reality-experience-futuristic-neon-lighti5-2021-09-01-23-17-27-utc.jpg",
                                    "id": 874,
                                    "alt": "",
                                    "source": "library"
                                },
                                "align": "right",
                                "width": {
                                    "unit": "%",
                                    "size": 82,
                                    "sizes": []
                                },
                                "image_border_radius": {
                                    "unit": "px",
                                    "top": "12",
                                    "right": "12",
                                    "bottom": "12",
                                    "left": "12",
                                    "isLinked": true
                                },
                                "align_mobile": "center",
                                "width_mobile": {
                                    "unit": "%",
                                    "size": 100,
                                    "sizes": []
                                },
                                "_margin_mobile": {
                                    "unit": "px",
                                    "top": "0",
                                    "right": "0",
                                    "bottom": "0",
                                    "left": "0",
                                    "isLinked": false
                                },
                                "_padding_mobile": {
                                    "unit": "px",
                                    "top": "0",
                                    "right": "0",
                                    "bottom": "30",
                                    "left": "0",
                                    "isLinked": false
                                },
                                "_z_index": 3
                            },
                            "elements": [],
                            "isInner": false,
                            "widgetType": "image",
                            "elType": "widget"
                        }
                    ],
                    "isInner": false,
                    "elType": "column"
                }
            ],
            "isInner": false,
            "elType": "section"
        },
        {
            "id": "7560b7cd",
            "settings": {
                "structure": "40",
                "padding": {
                    "unit": "px",
                    "top": "75",
                    "right": "0",
                    "bottom": "50",
                    "left": "0",
                    "isLinked": false
                },
                "padding_tablet": {
                    "unit": "px",
                    "top": "50",
                    "right": "30",
                    "bottom": "50",
                    "left": "30",
                    "isLinked": false
                },
                "padding_mobile": {
                    "unit": "px",
                    "top": "50",
                    "right": "20",
                    "bottom": "50",
                    "left": "20",
                    "isLinked": false
                }
            },
            "elements": [
                {
                    "id": "f2ea8f4",
                    "settings": {
                        "_column_size": 25,
                        "_inline_size": null,
                        "margin": {
                            "unit": "px",
                            "top": "0",
                            "right": "18",
                            "bottom": "0",
                            "left": "0",
                            "isLinked": false
                        },
                        "margin_mobile": {
                            "unit": "px",
                            "top": "0",
                            "right": "0",
                            "bottom": "50",
                            "left": "0",
                            "isLinked": false
                        },
                        "padding": {
                            "unit": "px",
                            "top": "0",
                            "right": "0",
                            "bottom": "0",
                            "left": "0",
                            "isLinked": false
                        },
                        "padding_mobile": {
                            "unit": "px",
                            "top": "0",
                            "right": "0",
                            "bottom": "0",
                            "left": "0",
                            "isLinked": false
                        }
                    },
                    "elements": [
                        {
                            "id": "5724f60b",
                            "settings": {
                                "sg_member_style": "overlay",
                                "sg_member_image": {
                                    "url": "https:\/\/kitpro.site\/devour\/wp-content\/uploads\/sites\/104\/2022\/08\/fashionable-guy-studio-shot-in-dark-studio2-with-n-2021-08-30-03-55-21-utc.jpg",
                                    "id": 868,
                                    "alt": "",
                                    "source": "library"
                                },
                                "sg_member_image_size_imagesize_size": "full",
                                "sg_member_name": "",
                                "sg_member_position": "",
                                "sg_member_description": "Lorem ipsum dolor sit amet, consectetur adipiscing elit, sed do eiusmod tempor incididunt ut labore et dolore magna aliqua.",
                                "sg_social_icon": [
                                    {
                                        "sg_social_icon": {
                                            "value": "fab fa-facebook-f",
                                            "library": "fa-brands"
                                        },
                                        "sg_social_label": "Facebook",
                                        "sg_social_link": {
                                            "url": "https:\/\/facebook.com"
                                        },
                                        "_id": "9ca5ba1",
                                        "sg_social_normal_background_background_background": "classic",
                                        "__globals__": {
                                            "sg_social_normal_background_background_color": "globals\/colors?id=bca6946"
                                        }
                                    },
                                    {
                                        "sg_social_icon": {
                                            "value": "fab fa-twitter",
                                            "library": "fa-brands"
                                        },
                                        "sg_social_label": "Twitter",
                                        "sg_social_link": {
                                            "url": "https:\/\/twitter.com"
                                        },
                                        "_id": "578e5da",
                                        "sg_social_normal_background_background_background": "classic",
                                        "__globals__": {
                                            "sg_social_normal_background_background_color": "globals\/colors?id=bca6946"
                                        }
                                    },
                                    {
                                        "sg_social_icon": {
                                            "value": "fab fa-pinterest-p",
                                            "library": "fa-brands"
                                        },
                                        "sg_social_label": "Pinterest",
                                        "sg_social_link": {
                                            "url": "https:\/\/pinterest.com"
                                        },
                                        "_id": "c531c9a",
                                        "sg_social_normal_background_background_background": "classic",
                                        "__globals__": {
                                            "sg_social_normal_color": "",
                                            "sg_social_normal_background_background_color": "globals\/colors?id=bca6946"
                                        }
                                    }
                                ],
                                "sg_popup_phone": "+1 (234) 567-879",
                                "sg_popup_email": "info@example.com",
                                "st_content_border_radius_responsive": {
                                    "unit": "px",
                                    "top": "12",
                                    "right": "12",
                                    "bottom": "12",
                                    "left": "12",
                                    "isLinked": true
                                },
                                "st_content_hover_background_background_background": "classic",
                                "__globals__": {
                                    "st_content_hover_background_background_color": "globals\/colors?id=5263ad0"
                                }
                            },
                            "elements": [],
                            "isInner": false,
                            "widgetType": "jkit_team",
                            "elType": "widget"
                        },
                        {
                            "id": "611cfd12",
                            "settings": {
                                "title": "JUDA LOREM",
                                "header_size": "h5",
                                "align": "center"
                            },
                            "elements": [],
                            "isInner": false,
                            "widgetType": "heading",
                            "elType": "widget"
                        },
                        {
                            "id": "3de3c8ca",
                            "settings": {
                                "title": "Chairman",
                                "header_size": "div",
                                "align": "center",
                                "_margin": {
                                    "unit": "px",
                                    "top": "-10",
                                    "right": "0",
                                    "bottom": "0",
                                    "left": "0",
                                    "isLinked": false
                                },
                                "__globals__": {
                                    "typography_typography": "globals\/typography?id=accent",
                                    "title_color": "globals\/colors?id=430fcf1"
                                }
                            },
                            "elements": [],
                            "isInner": false,
                            "widgetType": "heading",
                            "elType": "widget"
                        }
                    ],
                    "isInner": false,
                    "elType": "column"
                },
                {
                    "id": "19fff86f",
                    "settings": {
                        "_column_size": 25,
                        "_inline_size": null,
                        "margin": {
                            "unit": "px",
                            "top": "0",
                            "right": "12",
                            "bottom": "0",
                            "left": "6",
                            "isLinked": false
                        },
                        "margin_mobile": {
                            "unit": "px",
                            "top": "0",
                            "right": "0",
                            "bottom": "50",
                            "left": "0",
                            "isLinked": false
                        },
                        "padding": {
                            "unit": "px",
                            "top": "0",
                            "right": "0",
                            "bottom": "0",
                            "left": "0",
                            "isLinked": false
                        },
                        "padding_mobile": {
                            "unit": "px",
                            "top": "0",
                            "right": "0",
                            "bottom": "0",
                            "left": "0",
                            "isLinked": false
                        }
                    },
                    "elements": [
                        {
                            "id": "23008ed0",
                            "settings": {
                                "sg_member_style": "overlay",
                                "sg_member_image": {
                                    "url": "https:\/\/kitpro.site\/devour\/wp-content\/uploads\/sites\/104\/2022\/08\/portrait-of-young-beautiful-guy-with-fashionable-h-2021-09-03-14-42-51-utc.jpg",
                                    "id": 869,
                                    "alt": "",
                                    "source": "library"
                                },
                                "sg_member_image_size_imagesize_size": "full",
                                "sg_member_name": "",
                                "sg_member_position": "",
                                "sg_member_description": "Lorem ipsum dolor sit amet, consectetur adipiscing elit, sed do eiusmod tempor incididunt ut labore et dolore magna aliqua.",
                                "sg_social_icon": [
                                    {
                                        "sg_social_icon": {
                                            "value": "fab fa-facebook-f",
                                            "library": "fa-brands"
                                        },
                                        "sg_social_label": "Facebook",
                                        "sg_social_link": {
                                            "url": "https:\/\/facebook.com"
                                        },
                                        "_id": "9ca5ba1",
                                        "sg_social_normal_background_background_background": "classic",
                                        "__globals__": {
                                            "sg_social_normal_background_background_color": "globals\/colors?id=bca6946"
                                        }
                                    },
                                    {
                                        "sg_social_icon": {
                                            "value": "fab fa-twitter",
                                            "library": "fa-brands"
                                        },
                                        "sg_social_label": "Twitter",
                                        "sg_social_link": {
                                            "url": "https:\/\/twitter.com"
                                        },
                                        "_id": "578e5da",
                                        "sg_social_normal_background_background_background": "classic",
                                        "__globals__": {
                                            "sg_social_normal_background_background_color": "globals\/colors?id=bca6946"
                                        }
                                    },
                                    {
                                        "sg_social_icon": {
                                            "value": "fab fa-pinterest-p",
                                            "library": "fa-brands"
                                        },
                                        "sg_social_label": "Pinterest",
                                        "sg_social_link": {
                                            "url": "https:\/\/pinterest.com"
                                        },
                                        "_id": "c531c9a",
                                        "sg_social_normal_background_background_background": "classic",
                                        "__globals__": {
                                            "sg_social_normal_color": "",
                                            "sg_social_normal_background_background_color": "globals\/colors?id=bca6946"
                                        }
                                    }
                                ],
                                "sg_popup_phone": "+1 (234) 567-879",
                                "sg_popup_email": "info@example.com",
                                "st_content_border_radius_responsive": {
                                    "unit": "px",
                                    "top": "12",
                                    "right": "12",
                                    "bottom": "12",
                                    "left": "12",
                                    "isLinked": true
                                },
                                "st_content_hover_background_background_background": "classic",
                                "__globals__": {
                                    "st_content_hover_background_background_color": "globals\/colors?id=5263ad0"
                                }
                            },
                            "elements": [],
                            "isInner": false,
                            "widgetType": "jkit_team",
                            "elType": "widget"
                        },
                        {
                            "id": "2cd4fcb0",
                            "settings": {
                                "title": "NOVAN ALDO",
                                "header_size": "h5",
                                "align": "center"
                            },
                            "elements": [],
                            "isInner": false,
                            "widgetType": "heading",
                            "elType": "widget"
                        },
                        {
                            "id": "3cd453b6",
                            "settings": {
                                "title": "Designer",
                                "header_size": "div",
                                "align": "center",
                                "_margin": {
                                    "unit": "px",
                                    "top": "-10",
                                    "right": "0",
                                    "bottom": "0",
                                    "left": "0",
                                    "isLinked": false
                                },
                                "__globals__": {
                                    "typography_typography": "globals\/typography?id=accent",
                                    "title_color": "globals\/colors?id=430fcf1"
                                }
                            },
                            "elements": [],
                            "isInner": false,
                            "widgetType": "heading",
                            "elType": "widget"
                        }
                    ],
                    "isInner": false,
                    "elType": "column"
                },
                {
                    "id": "5edc8edb",
                    "settings": {
                        "_column_size": 25,
                        "_inline_size": null,
                        "margin": {
                            "unit": "px",
                            "top": "0",
                            "right": "6",
                            "bottom": "0",
                            "left": "12",
                            "isLinked": false
                        },
                        "margin_mobile": {
                            "unit": "px",
                            "top": "0",
                            "right": "0",
                            "bottom": "50",
                            "left": "0",
                            "isLinked": false
                        },
                        "padding": {
                            "unit": "px",
                            "top": "0",
                            "right": "0",
                            "bottom": "0",
                            "left": "0",
                            "isLinked": false
                        }
                    },
                    "elements": [
                        {
                            "id": "7cf5c929",
                            "settings": {
                                "sg_member_style": "overlay",
                                "sg_member_image": {
                                    "url": "https:\/\/kitpro.site\/devour\/wp-content\/uploads\/sites\/104\/2022\/08\/young-barber-with-work-equipment-standing-in-the-s-2021-09-03-14-42-50-utc.jpg",
                                    "id": 871,
                                    "alt": "",
                                    "source": "library"
                                },
                                "sg_member_image_size_imagesize_size": "full",
                                "sg_member_name": "",
                                "sg_member_position": "",
                                "sg_member_description": "Lorem ipsum dolor sit amet, consectetur adipiscing elit, sed do eiusmod tempor incididunt ut labore et dolore magna aliqua.",
                                "sg_social_icon": [
                                    {
                                        "sg_social_icon": {
                                            "value": "fab fa-facebook-f",
                                            "library": "fa-brands"
                                        },
                                        "sg_social_label": "Facebook",
                                        "sg_social_link": {
                                            "url": "https:\/\/facebook.com"
                                        },
                                        "_id": "9ca5ba1",
                                        "sg_social_normal_background_background_background": "classic",
                                        "__globals__": {
                                            "sg_social_normal_background_background_color": "globals\/colors?id=bca6946"
                                        }
                                    },
                                    {
                                        "sg_social_icon": {
                                            "value": "fab fa-twitter",
                                            "library": "fa-brands"
                                        },
                                        "sg_social_label": "Twitter",
                                        "sg_social_link": {
                                            "url": "https:\/\/twitter.com"
                                        },
                                        "_id": "578e5da",
                                        "sg_social_normal_background_background_background": "classic",
                                        "__globals__": {
                                            "sg_social_normal_background_background_color": "globals\/colors?id=bca6946"
                                        }
                                    },
                                    {
                                        "sg_social_icon": {
                                            "value": "fab fa-pinterest-p",
                                            "library": "fa-brands"
                                        },
                                        "sg_social_label": "Pinterest",
                                        "sg_social_link": {
                                            "url": "https:\/\/pinterest.com"
                                        },
                                        "_id": "c531c9a",
                                        "sg_social_normal_background_background_background": "classic",
                                        "__globals__": {
                                            "sg_social_normal_color": "",
                                            "sg_social_normal_background_background_color": "globals\/colors?id=bca6946"
                                        }
                                    }
                                ],
                                "sg_popup_phone": "+1 (234) 567-879",
                                "sg_popup_email": "info@example.com",
                                "st_content_border_radius_responsive": {
                                    "unit": "px",
                                    "top": "12",
                                    "right": "12",
                                    "bottom": "12",
                                    "left": "12",
                                    "isLinked": true
                                },
                                "st_content_hover_background_background_background": "classic",
                                "__globals__": {
                                    "st_content_hover_background_background_color": "globals\/colors?id=5263ad0"
                                }
                            },
                            "elements": [],
                            "isInner": false,
                            "widgetType": "jkit_team",
                            "elType": "widget"
                        },
                        {
                            "id": "43a562e3",
                            "settings": {
                                "title": "LEE MARCO",
                                "header_size": "h5",
                                "align": "center"
                            },
                            "elements": [],
                            "isInner": false,
                            "widgetType": "heading",
                            "elType": "widget"
                        },
                        {
                            "id": "58fee8d6",
                            "settings": {
                                "title": "Programmer",
                                "header_size": "div",
                                "align": "center",
                                "_margin": {
                                    "unit": "px",
                                    "top": "-10",
                                    "right": "0",
                                    "bottom": "0",
                                    "left": "0",
                                    "isLinked": false
                                },
                                "__globals__": {
                                    "typography_typography": "globals\/typography?id=accent",
                                    "title_color": "globals\/colors?id=430fcf1"
                                }
                            },
                            "elements": [],
                            "isInner": false,
                            "widgetType": "heading",
                            "elType": "widget"
                        }
                    ],
                    "isInner": false,
                    "elType": "column"
                },
                {
                    "id": "46f926c7",
                    "settings": {
                        "_column_size": 25,
                        "_inline_size": null,
                        "margin": {
                            "unit": "px",
                            "top": "0",
                            "right": "0",
                            "bottom": "0",
                            "left": "18",
                            "isLinked": false
                        },
                        "margin_mobile": {
                            "unit": "px",
                            "top": "0",
                            "right": "0",
                            "bottom": "0",
                            "left": "0",
                            "isLinked": false
                        },
                        "padding": {
                            "unit": "px",
                            "top": "0",
                            "right": "0",
                            "bottom": "0",
                            "left": "0",
                            "isLinked": false
                        }
                    },
                    "elements": [
                        {
                            "id": "470e865b",
                            "settings": {
                                "sg_member_style": "overlay",
                                "sg_member_image": {
                                    "url": "https:\/\/kitpro.site\/devour\/wp-content\/uploads\/sites\/104\/2022\/08\/young-beautiful-man-with-curly-hair-is-indoors-in-2021-09-03-14-42-32-utc.jpg",
                                    "id": 872,
                                    "alt": "",
                                    "source": "library"
                                },
                                "sg_member_image_size_imagesize_size": "full",
                                "sg_member_name": "",
                                "sg_member_position": "",
                                "sg_member_description": "Lorem ipsum dolor sit amet, consectetur adipiscing elit, sed do eiusmod tempor incididunt ut labore et dolore magna aliqua.",
                                "sg_social_icon": [
                                    {
                                        "sg_social_icon": {
                                            "value": "fab fa-facebook-f",
                                            "library": "fa-brands"
                                        },
                                        "sg_social_label": "Facebook",
                                        "sg_social_link": {
                                            "url": "https:\/\/facebook.com"
                                        },
                                        "_id": "9ca5ba1",
                                        "sg_social_normal_background_background_background": "classic",
                                        "__globals__": {
                                            "sg_social_normal_background_background_color": "globals\/colors?id=bca6946"
                                        }
                                    },
                                    {
                                        "sg_social_icon": {
                                            "value": "fab fa-twitter",
                                            "library": "fa-brands"
                                        },
                                        "sg_social_label": "Twitter",
                                        "sg_social_link": {
                                            "url": "https:\/\/twitter.com"
                                        },
                                        "_id": "578e5da",
                                        "sg_social_normal_background_background_background": "classic",
                                        "__globals__": {
                                            "sg_social_normal_background_background_color": "globals\/colors?id=bca6946"
                                        }
                                    },
                                    {
                                        "sg_social_icon": {
                                            "value": "fab fa-pinterest-p",
                                            "library": "fa-brands"
                                        },
                                        "sg_social_label": "Pinterest",
                                        "sg_social_link": {
                                            "url": "https:\/\/pinterest.com"
                                        },
                                        "_id": "c531c9a",
                                        "sg_social_normal_background_background_background": "classic",
                                        "__globals__": {
                                            "sg_social_normal_color": "",
                                            "sg_social_normal_background_background_color": "globals\/colors?id=bca6946"
                                        }
                                    }
                                ],
                                "sg_popup_phone": "+1 (234) 567-879",
                                "sg_popup_email": "info@example.com",
                                "st_content_border_radius_responsive": {
                                    "unit": "px",
                                    "top": "12",
                                    "right": "12",
                                    "bottom": "12",
                                    "left": "12",
                                    "isLinked": true
                                },
                                "st_content_hover_background_background_background": "classic",
                                "__globals__": {
                                    "st_content_hover_background_background_color": "globals\/colors?id=5263ad0"
                                }
                            },
                            "elements": [],
                            "isInner": false,
                            "widgetType": "jkit_team",
                            "elType": "widget"
                        },
                        {
                            "id": "4f9e7e75",
                            "settings": {
                                "title": "VINCENT DOLO",
                                "header_size": "h5",
                                "align": "center"
                            },
                            "elements": [],
                            "isInner": false,
                            "widgetType": "heading",
                            "elType": "widget"
                        },
                        {
                            "id": "5a7f085e",
                            "settings": {
                                "title": "Chief People Officer",
                                "header_size": "div",
                                "align": "center",
                                "_margin": {
                                    "unit": "px",
                                    "top": "-10",
                                    "right": "0",
                                    "bottom": "0",
                                    "left": "0",
                                    "isLinked": false
                                },
                                "__globals__": {
                                    "typography_typography": "globals\/typography?id=accent",
                                    "title_color": "globals\/colors?id=430fcf1"
                                }
                            },
                            "elements": [],
                            "isInner": false,
                            "widgetType": "heading",
                            "elType": "widget"
                        }
                    ],
                    "isInner": false,
                    "elType": "column"
                }
            ],
            "isInner": false,
            "elType": "section"
        },
        {
            "id": "5dc2240e",
            "settings": {
                "margin": {
                    "unit": "px",
                    "top": "0",
                    "right": 0,
                    "bottom": "0",
                    "left": 0,
                    "isLinked": false
                },
                "padding": {
                    "unit": "px",
                    "top": "75",
                    "right": "0",
                    "bottom": "50",
                    "left": "0",
                    "isLinked": false
                },
                "z_index": 3,
                "overflow": "hidden",
                "padding_tablet": {
                    "unit": "px",
                    "top": "50",
                    "right": "30",
                    "bottom": "50",
                    "left": "30",
                    "isLinked": false
                },
                "padding_mobile": {
                    "unit": "px",
                    "top": "50",
                    "right": "20",
                    "bottom": "50",
                    "left": "20",
                    "isLinked": false
                }
            },
            "elements": [
                {
                    "id": "5903deae",
                    "settings": {
                        "_column_size": 100,
                        "_inline_size": null,
                        "margin": {
                            "unit": "px",
                            "top": "0",
                            "right": "0",
                            "bottom": "0",
                            "left": "0",
                            "isLinked": false
                        },
                        "padding": {
                            "unit": "px",
                            "top": "0",
                            "right": "0",
                            "bottom": "0",
                            "left": "0",
                            "isLinked": false
                        }
                    },
                    "elements": [
                        {
                            "id": "485f6d07",
                            "settings": {
                                "title": "Why Choose Us",
                                "align": "center"
                            },
                            "elements": [],
                            "isInner": false,
                            "widgetType": "heading",
                            "elType": "widget"
                        },
                        {
                            "id": "6998dd11",
                            "settings": {
                                "editor": "<p>Maecenas aliquet risus ac porta tincidunt. Aenean dapibus ex mi, et facilisis velit maximus vitae. Nam tristique diam et libero.<\/p>",
                                "align": "center",
                                "_padding": {
                                    "unit": "%",
                                    "top": "0",
                                    "right": "25",
                                    "bottom": "0",
                                    "left": "25",
                                    "isLinked": false
                                },
                                "_padding_tablet": {
                                    "unit": "%",
                                    "top": "0",
                                    "right": "13",
                                    "bottom": "0",
                                    "left": "13",
                                    "isLinked": false
                                },
                                "_padding_mobile": {
                                    "unit": "%",
                                    "top": "0",
                                    "right": "0",
                                    "bottom": "0",
                                    "left": "0",
                                    "isLinked": false
                                }
                            },
                            "elements": [],
                            "isInner": false,
                            "widgetType": "text-editor",
                            "elType": "widget"
                        },
                        {
                            "id": "66e302b3",
                            "settings": {
                                "structure": "30",
                                "margin": {
                                    "unit": "px",
                                    "top": "30",
                                    "right": 0,
                                    "bottom": "0",
                                    "left": 0,
                                    "isLinked": false
                                }
                            },
                            "elements": [
                                {
                                    "id": "266bf39c",
                                    "settings": {
                                        "_column_size": 33,
                                        "_inline_size": null,
                                        "background_background": "gradient",
                                        "background_color": "#182430",
                                        "background_color_stop": {
                                            "unit": "%",
                                            "size": 25,
                                            "sizes": []
                                        },
                                        "background_gradient_angle": {
                                            "unit": "deg",
                                            "size": 360,
                                            "sizes": []
                                        },
                                        "border_radius": {
                                            "unit": "px",
                                            "top": "12",
                                            "right": "12",
                                            "bottom": "12",
                                            "left": "12",
                                            "isLinked": true
                                        },
                                        "margin": {
                                            "unit": "px",
                                            "top": "0",
                                            "right": "20",
                                            "bottom": "0",
                                            "left": "0",
                                            "isLinked": false
                                        },
                                        "padding": {
                                            "unit": "px",
                                            "top": "50",
                                            "right": "30",
                                            "bottom": "50",
                                            "left": "30",
                                            "isLinked": false
                                        },
                                        "__globals__": {
                                            "background_color": "globals\/colors?id=67641c1",
                                            "background_color_b": "globals\/colors?id=a619ba9"
                                        },
                                        "margin_tablet": {
                                            "unit": "px",
                                            "top": "0",
                                            "right": "10",
                                            "bottom": "0",
                                            "left": "0",
                                            "isLinked": false
                                        },
                                        "margin_mobile": {
                                            "unit": "px",
                                            "top": "0",
                                            "right": "0",
                                            "bottom": "30",
                                            "left": "0",
                                            "isLinked": false
                                        },
                                        "padding_tablet": {
                                            "unit": "px",
                                            "top": "40",
                                            "right": "20",
                                            "bottom": "30",
                                            "left": "20",
                                            "isLinked": false
                                        }
                                    },
                                    "elements": [
                                        {
                                            "id": "182713df",
                                            "settings": {
                                                "image": {
                                                    "url": "https:\/\/kitpro.site\/devour\/wp-content\/uploads\/sites\/104\/2022\/08\/18-Idea-Electronics-Network-Light-Bulb-Connection-Target.png",
                                                    "id": 155,
                                                    "alt": "",
                                                    "source": "library"
                                                },
                                                "align": "left",
                                                "width": {
                                                    "unit": "%",
                                                    "size": 25,
                                                    "sizes": []
                                                },
                                                "align_mobile": "center"
                                            },
                                            "elements": [],
                                            "isInner": false,
                                            "widgetType": "image",
                                            "elType": "widget"
                                        },
                                        {
                                            "id": "3fa5315b",
                                            "settings": {
                                                "title": "Fresh Ideas",
                                                "header_size": "h5",
                                                "align_mobile": "center"
                                            },
                                            "elements": [],
                                            "isInner": false,
                                            "widgetType": "heading",
                                            "elType": "widget"
                                        },
                                        {
                                            "id": "3c17b688",
                                            "settings": {
                                                "editor": "<p>Lorem ipsum dolor sit amet, consectetur adipiscing elit. Ut elit tellus luctus.<\/p>",
                                                "align_mobile": "center"
                                            },
                                            "elements": [],
                                            "isInner": false,
                                            "widgetType": "text-editor",
                                            "elType": "widget"
                                        },
                                        {
                                            "id": "30ada142",
                                            "settings": {
                                                "text": "Read More",
                                                "border_radius": {
                                                    "unit": "px",
                                                    "top": "0",
                                                    "right": "0",
                                                    "bottom": "0",
                                                    "left": "0",
                                                    "isLinked": false
                                                },
                                                "text_padding": {
                                                    "unit": "px",
                                                    "top": "0",
                                                    "right": "0",
                                                    "bottom": "0",
                                                    "left": "0",
                                                    "isLinked": false
                                                },
                                                "__globals__": {
                                                    "background_color": "globals\/colors?id=eb507f3",
                                                    "button_text_color": "globals\/colors?id=430fcf1"
                                                },
                                                "align_mobile": "center"
                                            },
                                            "elements": [],
                                            "isInner": false,
                                            "widgetType": "button",
                                            "elType": "widget"
                                        }
                                    ],
                                    "isInner": true,
                                    "elType": "column"
                                },
                                {
                                    "id": "5d118e81",
                                    "settings": {
                                        "_column_size": 33,
                                        "_inline_size": null,
                                        "background_background": "gradient",
                                        "background_color_stop": {
                                            "unit": "%",
                                            "size": 25,
                                            "sizes": []
                                        },
                                        "background_gradient_angle": {
                                            "unit": "deg",
                                            "size": 360,
                                            "sizes": []
                                        },
                                        "border_radius": {
                                            "unit": "px",
                                            "top": "12",
                                            "right": "12",
                                            "bottom": "12",
                                            "left": "12",
                                            "isLinked": true
                                        },
                                        "margin": {
                                            "unit": "px",
                                            "top": "0",
                                            "right": "10",
                                            "bottom": "0",
                                            "left": "10",
                                            "isLinked": false
                                        },
                                        "padding": {
                                            "unit": "px",
                                            "top": "50",
                                            "right": "30",
                                            "bottom": "50",
                                            "left": "30",
                                            "isLinked": false
                                        },
                                        "__globals__": {
                                            "background_color": "globals\/colors?id=67641c1",
                                            "background_color_b": "globals\/colors?id=a619ba9"
                                        },
                                        "margin_tablet": {
                                            "unit": "px",
                                            "top": "0",
                                            "right": "5",
                                            "bottom": "0",
                                            "left": "5",
                                            "isLinked": false
                                        },
                                        "margin_mobile": {
                                            "unit": "px",
                                            "top": "0",
                                            "right": "0",
                                            "bottom": "30",
                                            "left": "0",
                                            "isLinked": false
                                        },
                                        "padding_tablet": {
                                            "unit": "px",
                                            "top": "40",
                                            "right": "20",
                                            "bottom": "30",
                                            "left": "20",
                                            "isLinked": false
                                        }
                                    },
                                    "elements": [
                                        {
                                            "id": "3ff856ee",
                                            "settings": {
                                                "image": {
                                                    "url": "https:\/\/kitpro.site\/devour\/wp-content\/uploads\/sites\/104\/2022\/08\/07-Team-Puzzle-Work-Human-People-Logic-Group.png",
                                                    "id": 153,
                                                    "alt": "",
                                                    "source": "library"
                                                },
                                                "align": "left",
                                                "width": {
                                                    "unit": "%",
                                                    "size": 25,
                                                    "sizes": []
                                                },
                                                "align_mobile": "center"
                                            },
                                            "elements": [],
                                            "isInner": false,
                                            "widgetType": "image",
                                            "elType": "widget"
                                        },
                                        {
                                            "id": "3c8c6352",
                                            "settings": {
                                                "title": "Creative Design",
                                                "header_size": "h5",
                                                "align_mobile": "center"
                                            },
                                            "elements": [],
                                            "isInner": false,
                                            "widgetType": "heading",
                                            "elType": "widget"
                                        },
                                        {
                                            "id": "11b484c",
                                            "settings": {
                                                "editor": "<p>Lorem ipsum dolor sit amet, consectetur adipiscing elit. Ut elit tellus luctus.<\/p>",
                                                "align_mobile": "center"
                                            },
                                            "elements": [],
                                            "isInner": false,
                                            "widgetType": "text-editor",
                                            "elType": "widget"
                                        },
                                        {
                                            "id": "202c422b",
                                            "settings": {
                                                "text": "Read More",
                                                "border_radius": {
                                                    "unit": "px",
                                                    "top": "0",
                                                    "right": "0",
                                                    "bottom": "0",
                                                    "left": "0",
                                                    "isLinked": false
                                                },
                                                "text_padding": {
                                                    "unit": "px",
                                                    "top": "0",
                                                    "right": "0",
                                                    "bottom": "0",
                                                    "left": "0",
                                                    "isLinked": false
                                                },
                                                "__globals__": {
                                                    "background_color": "globals\/colors?id=eb507f3",
                                                    "button_text_color": "globals\/colors?id=430fcf1"
                                                },
                                                "align_mobile": "center"
                                            },
                                            "elements": [],
                                            "isInner": false,
                                            "widgetType": "button",
                                            "elType": "widget"
                                        }
                                    ],
                                    "isInner": true,
                                    "elType": "column"
                                },
                                {
                                    "id": "14d91a14",
                                    "settings": {
                                        "_column_size": 33,
                                        "_inline_size": null,
                                        "background_background": "gradient",
                                        "background_color_stop": {
                                            "unit": "%",
                                            "size": 25,
                                            "sizes": []
                                        },
                                        "background_gradient_angle": {
                                            "unit": "deg",
                                            "size": 360,
                                            "sizes": []
                                        },
                                        "border_radius": {
                                            "unit": "px",
                                            "top": "12",
                                            "right": "12",
                                            "bottom": "12",
                                            "left": "12",
                                            "isLinked": true
                                        },
                                        "margin": {
                                            "unit": "px",
                                            "top": "0",
                                            "right": "0",
                                            "bottom": "0",
                                            "left": "20",
                                            "isLinked": false
                                        },
                                        "padding": {
                                            "unit": "px",
                                            "top": "50",
                                            "right": "30",
                                            "bottom": "50",
                                            "left": "30",
                                            "isLinked": false
                                        },
                                        "__globals__": {
                                            "background_color": "globals\/colors?id=67641c1",
                                            "background_color_b": "globals\/colors?id=a619ba9"
                                        },
                                        "margin_tablet": {
                                            "unit": "px",
                                            "top": "0",
                                            "right": "0",
                                            "bottom": "0",
                                            "left": "10",
                                            "isLinked": false
                                        },
                                        "margin_mobile": {
                                            "unit": "px",
                                            "top": "0",
                                            "right": "0",
                                            "bottom": "0",
                                            "left": "0",
                                            "isLinked": false
                                        },
                                        "padding_tablet": {
                                            "unit": "px",
                                            "top": "40",
                                            "right": "20",
                                            "bottom": "30",
                                            "left": "20",
                                            "isLinked": false
                                        }
                                    },
                                    "elements": [
                                        {
                                            "id": "e5eee8f",
                                            "settings": {
                                                "image": {
                                                    "url": "https:\/\/kitpro.site\/devour\/wp-content\/uploads\/sites\/104\/2022\/08\/09-Care-Hand-Target-Goal-Arrow-Company.png",
                                                    "id": 154,
                                                    "alt": "",
                                                    "source": "library"
                                                },
                                                "align": "left",
                                                "width": {
                                                    "unit": "%",
                                                    "size": 25,
                                                    "sizes": []
                                                },
                                                "align_mobile": "center"
                                            },
                                            "elements": [],
                                            "isInner": false,
                                            "widgetType": "image",
                                            "elType": "widget"
                                        },
                                        {
                                            "id": "5ca8656f",
                                            "settings": {
                                                "title": "On-Time Schedule",
                                                "header_size": "h5",
                                                "align_mobile": "center"
                                            },
                                            "elements": [],
                                            "isInner": false,
                                            "widgetType": "heading",
                                            "elType": "widget"
                                        },
                                        {
                                            "id": "4edd708f",
                                            "settings": {
                                                "editor": "<p>Lorem ipsum dolor sit amet, consectetur adipiscing elit. Ut elit tellus luctus.<\/p>",
                                                "align_mobile": "center"
                                            },
                                            "elements": [],
                                            "isInner": false,
                                            "widgetType": "text-editor",
                                            "elType": "widget"
                                        },
                                        {
                                            "id": "76eeeb1d",
                                            "settings": {
                                                "text": "Read More",
                                                "border_radius": {
                                                    "unit": "px",
                                                    "top": "0",
                                                    "right": "0",
                                                    "bottom": "0",
                                                    "left": "0",
                                                    "isLinked": false
                                                },
                                                "text_padding": {
                                                    "unit": "px",
                                                    "top": "0",
                                                    "right": "0",
                                                    "bottom": "0",
                                                    "left": "0",
                                                    "isLinked": false
                                                },
                                                "__globals__": {
                                                    "background_color": "globals\/colors?id=eb507f3",
                                                    "button_text_color": "globals\/colors?id=430fcf1"
                                                },
                                                "align_mobile": "center"
                                            },
                                            "elements": [],
                                            "isInner": false,
                                            "widgetType": "button",
                                            "elType": "widget"
                                        }
                                    ],
                                    "isInner": true,
                                    "elType": "column"
                                }
                            ],
                            "isInner": true,
                            "elType": "section"
                        }
                    ],
                    "isInner": false,
                    "elType": "column"
                }
            ],
            "isInner": false,
            "elType": "section"
        }
    ]
}